{
  "project_info": {
    "project_number": "382068264844",
    "project_id": "telas-4afff",
    "storage_bucket": "telas-4afff.appspot.com"
  },
  "client": [
    {
      "client_info": {
        "mobilesdk_app_id": "1:382068264844:android:5bd396a26a4d26cd4250a9",
        "android_client_info": {
          "package_name": "com.example.myapplication3"
        }
      },
      "oauth_client": [
        {
          "client_id": "382068264844-bsbrcv4gjbl6fpripa5nqm53ncl9de0g.apps.googleusercontent.com",
          "client_type": 3
        }
      ],
      "api_key": [
        {
          "current_key": "AIzaSyCkhj_LjHQgvbUp9ZHhqU-26pBeg4tde5U"
        }
      ],
      "services": {
        "appinvite_service": {
          "other_platform_oauth_client": [
            {
              "client_id": "382068264844-bsbrcv4gjbl6fpripa5nqm53ncl9de0g.apps.googleusercontent.com",
              "client_type": 3
            }
          ]
        }
      }
    }
  ],
  "configuration_version": "1"
}